,Metric,Logistic Regression,LightGBM,TabNet,Tuned_LightGBM
0,Accuracy,0.7872075659532105,0.8544051767048283,0.8481831757093081,0.8648581383773022
1,Precision,0.7922100810715544,0.8749545619774627,0.8654158397979433,0.8823741007194245
2,Recall,0.7643257949328346,0.8185682707022616,0.8156776058493453,0.8342118687298079
3,F1 Score,0.7780181739506707,0.8458227180883774,0.8398109243697479,0.8576173411415086
4,AUC,0.7866663803758617,0.8535575842414596,0.8474143739598259,0.8641333116530946
