Model,Accuracy,Precision,Recall,F1 Score,AUC
Logistic Regression,0.7915214866434379,0.7990621743660994,0.7723686419338593,0.7854886897140418,0.7913015917558422
LightGBM,0.85697693711631,0.8785548202468253,0.824576128923955,0.8507100796674749,0.8566049416146756
TabNet,0.84362037497926,0.913484971567831,0.7550780594258855,0.8267622461170848,0.8426038156732512
