,Model,Accuracy,Precision,Recall,F1 Score,AUC
0,Logistic Regression,0.7859957688638155,0.7927121198687826,0.7601598367624554,0.7760947875526236,0.7853857101997778
1,LightGBM,0.8524909777243125,0.8725935343261896,0.8169528991668084,0.8438570299464302,0.8516518242290096
2,TabNet,0.8476376156303148,0.8921749248521283,0.7822649209318143,0.8336126840317101,0.8460939833496659
